,Archive ID,Title,Volume,Image Count,SI Libraries URL,BHL URL,Internet Archive URL,BHL Link URL
0,annualreportofbo1862smit,Annual report of the Board of Regents of the Smithsonian Institution,1862,464,https://library.si.edu/digital-library/book/annualreportofbo1862smit,http://www.biodiversitylibrary.org/ia/annualreportofbo1862smit,https://archive.org/details/annualreportofbo1862smit,https://www.biodiversitylibrary.org/itempdf/38165
1,annualreportofbo1908smitfo,Annual report of the Board of Regents of the Smithsonian Institution,1908,972,https://library.si.edu/digital-library/book/annualreportofbo1908smitfo,http://www.biodiversitylibrary.org/ia/annualreportofbo1908smitfo,https://archive.org/details/annualreportofbo1908smitfo,https://www.biodiversitylibrary.org/itempdf/47955
2,smithsonianyear1974smit,Smithsonian year,1974,526,https://library.si.edu/digital-library/book/smithsonianyear1974smit,http://www.biodiversitylibrary.org/ia/smithsonianyear1974smit,https://archive.org/details/smithsonianyear1974smit,https://www.biodiversitylibrary.org/itempdf/83468
3,annualreportofbo1956smit,Annual report of the Board of Regents of the Smithsonian Institution,1956,710,https://library.si.edu/digital-library/book/annualreportofbo1956smit,http://www.biodiversitylibrary.org/ia/annualreportofbo1956smit,https://archive.org/details/annualreportofbo1956smit,https://www.biodiversitylibrary.org/itempdf/33453
4,annualreportofbo1918smit,Annual report of the Board of Regents of the Smithsonian Institution,1918,724,https://library.si.edu/digital-library/book/annualreportofbo1918smit,http://www.biodiversitylibrary.org/ia/annualreportofbo1918smit,https://archive.org/details/annualreportofbo1918smit,https://www.biodiversitylibrary.org/itempdf/35807
5,annualreportfory1961united,Annual report for the year ended June 30 ...,1961,204,https://library.si.edu/digital-library/book/annualreportfory1961united,http://www.biodiversitylibrary.org/ia/annualreportfory1961united,https://archive.org/details/annualreportfory1961united,https://www.biodiversitylibrary.org/itempdf/99022
6,annualreportofbo1893smithso,Annual report of the Board of Regents of the Smithsonian Institution,1893 [Report of S.P. Langley],90,https://library.si.edu/digital-library/book/annualreportofbo1893smithso,http://www.biodiversitylibrary.org/ia/annualreportofbo1893smithso,https://archive.org/details/annualreportofbo1893smithso,https://www.biodiversitylibrary.org/itempdf/33401
7,annualreportofbo1930smit,Annual report of the Board of Regents of the Smithsonian Institution,1930,878,https://library.si.edu/digital-library/book/annualreportofbo1930smit,http://www.biodiversitylibrary.org/ia/annualreportofbo1930smit,https://archive.org/details/annualreportofbo1930smit,https://www.biodiversitylibrary.org/itempdf/33479
8,annualreportofbo1911smitfo,Annual report of the Board of Regents of the Smithsonian Institution,1911,832,https://library.si.edu/digital-library/book/annualreportofbo1911smitfo,http://www.biodiversitylibrary.org/ia/annualreportofbo1911smitfo,https://archive.org/details/annualreportofbo1911smitfo,https://www.biodiversitylibrary.org/itempdf/49901
9,explorationsfiel193336smit,Explorations and field-work of the Smithsonian Institution in ..,1933-1936,380,https://library.si.edu/digital-library/book/explorationsfiel193336smit,http://www.biodiversitylibrary.org/ia/explorationsfiel193336smit,https://archive.org/details/explorationsfiel193336smit,https://www.biodiversitylibrary.org/itempdf/51765
10,annualreportofbo1901smith,Annual report of the Board of Regents of the Smithsonian Institution,1901,1216,https://library.si.edu/digital-library/book/annualreportofbo1901smith,http://www.biodiversitylibrary.org/ia/annualreportofbo1901smith,https://archive.org/details/annualreportofbo1901smith,https://www.biodiversitylibrary.org/itempdf/35813
11,statementbysecre1980smit,Statement by the Secretary,1980,82,https://library.si.edu/digital-library/book/statementbysecre1980smit,http://www.biodiversitylibrary.org/ia/statementbysecre1980smit,https://archive.org/details/statementbysecre1980smit,https://www.biodiversitylibrary.org/itempdf/10781
12,smithsonianyears1991smit,Smithsonian year ... supplement : chronology and appendices,1991,226,https://library.si.edu/digital-library/book/smithsonianyears1991smit,http://www.biodiversitylibrary.org/ia/smithsonianyears1991smit,https://archive.org/details/smithsonianyears1991smit,https://www.biodiversitylibrary.org/itempdf/12394
13,annualreportofbo18972smith,Annual report of the Board of Regents of the Smithsonian Institution,1897:pt.2 [Includes Report USNM],762,https://library.si.edu/digital-library/book/annualreportofbo18972smith,http://www.biodiversitylibrary.org/ia/annualreportofbo18972smith,https://archive.org/details/annualreportofbo18972smith,https://www.biodiversitylibrary.org/itempdf/35760
14,annualreportofbo1962smit,Annual report of the Board of Regents of the Smithsonian Institution,1962,746,https://library.si.edu/digital-library/book/annualreportofbo1962smit,http://www.biodiversitylibrary.org/ia/annualreportofbo1962smit,https://archive.org/details/annualreportofbo1962smit,https://www.biodiversitylibrary.org/itempdf/33492
15,statementbysecre1978smit,Statement by the Secretary,1978,78,https://library.si.edu/digital-library/book/statementbysecre1978smit,http://www.biodiversitylibrary.org/ia/statementbysecre1978smit,https://archive.org/details/statementbysecre1978smit,https://www.biodiversitylibrary.org/itempdf/10762
16,annualreportofbo1910smitfo,Annual report of the Board of Regents of the Smithsonian Institution,1910,864,https://library.si.edu/digital-library/book/annualreportofbo1910smitfo,http://www.biodiversitylibrary.org/ia/annualreportofbo1910smitfo,https://archive.org/details/annualreportofbo1910smitfo,https://www.biodiversitylibrary.org/itempdf/51970
17,annualreportofbo1904smit,Annual report of the Board of Regents of the Smithsonian Institution,1904,1062,https://library.si.edu/digital-library/book/annualreportofbo1904smit,http://www.biodiversitylibrary.org/ia/annualreportofbo1904smit,https://archive.org/details/annualreportofbo1904smit,https://www.biodiversitylibrary.org/itempdf/35806
18,smithsonianyear1968smit,Smithsonian year,1968,588,https://library.si.edu/digital-library/book/smithsonianyear1968smit,http://www.biodiversitylibrary.org/ia/smithsonianyear1968smit,https://archive.org/details/smithsonianyear1968smit,https://www.biodiversitylibrary.org/itempdf/83466
19,annualreportfory1960united,Annual report for the year ended June 30 ...,1960,192,https://library.si.edu/digital-library/book/annualreportfory1960united,http://www.biodiversitylibrary.org/ia/annualreportfory1960united,https://archive.org/details/annualreportfory1960united,https://www.biodiversitylibrary.org/itempdf/99132
20,annualreportofbo1953smit,Annual report of the Board of Regents of the Smithsonian Institution,1953,592,https://library.si.edu/digital-library/book/annualreportofbo1953smit,http://www.biodiversitylibrary.org/ia/annualreportofbo1953smit,https://archive.org/details/annualreportofbo1953smit,https://www.biodiversitylibrary.org/itempdf/35608
21,annualreportfory1963united,Annual report for the year ended June 30 ...,1963,244,https://library.si.edu/digital-library/book/annualreportfory1963united,http://www.biodiversitylibrary.org/ia/annualreportfory1963united,https://archive.org/details/annualreportfory1963united,https://www.biodiversitylibrary.org/itempdf/99020
22,explorationsfiel192729smit,Explorations and field-work of the Smithsonian Institution in ..,1927-1929,656,https://library.si.edu/digital-library/book/explorationsfiel192729smit,http://www.biodiversitylibrary.org/ia/explorationsfiel192729smit,https://archive.org/details/explorationsfiel192729smit,https://www.biodiversitylibrary.org/itempdf/53731
23,annualreportofbo1935smit,Annual report of the Board of Regents of the Smithsonian Institution,1935,734,https://library.si.edu/digital-library/book/annualreportofbo1935smit,http://www.biodiversitylibrary.org/ia/annualreportofbo1935smit,https://archive.org/details/annualreportofbo1935smit,https://www.biodiversitylibrary.org/itempdf/53800
24,annualreportofbo1883smit,Annual report of the Board of Regents of the Smithsonian Institution,1883,1022,https://library.si.edu/digital-library/book/annualreportofbo1883smit,http://www.biodiversitylibrary.org/ia/annualreportofbo1883smit,https://archive.org/details/annualreportofbo1883smit,https://www.biodiversitylibrary.org/itempdf/33457
25,annualreportfory1962united,Annual report for the year ended June 30 ...,1962,212,https://library.si.edu/digital-library/book/annualreportfory1962united,http://www.biodiversitylibrary.org/ia/annualreportfory1962united,https://archive.org/details/annualreportfory1962united,https://www.biodiversitylibrary.org/itempdf/99021
26,annualreportofbo1929smit,Annual report of the Board of Regents of the Smithsonian Institution,1929,748,https://library.si.edu/digital-library/book/annualreportofbo1929smit,http://www.biodiversitylibrary.org/ia/annualreportofbo1929smit,https://archive.org/details/annualreportofbo1929smit,https://www.biodiversitylibrary.org/itempdf/53515
27,annualreportofbo18871smit,Annual report of the Board of Regents of the Smithsonian Institution,1887:pt.1,776,https://library.si.edu/digital-library/book/annualreportofbo18871smit,http://www.biodiversitylibrary.org/ia/annualreportofbo18871smit,https://archive.org/details/annualreportofbo18871smit,https://www.biodiversitylibrary.org/itempdf/33418
28,annualreportofbo1867smith,Annual report of the Board of Regents of the Smithsonian Institution,1867,526,https://library.si.edu/digital-library/book/annualreportofbo1867smith,http://www.biodiversitylibrary.org/ia/annualreportofbo1867smith,https://archive.org/details/annualreportofbo1867smith,https://www.biodiversitylibrary.org/itempdf/35757
29,annualreportofbo1901smit,Annual report of the Board of Regents of the Smithsonian Institution,1901,1216,https://library.si.edu/digital-library/book/annualreportofbo1901smit,http://www.biodiversitylibrary.org/ia/annualreportofbo1901smit,https://archive.org/details/annualreportofbo1901smit,https://www.biodiversitylibrary.org/itempdf/35762
30,annualreportofbo1863smit,Annual report of the Board of Regents of the Smithsonian Institution,1863,442,https://library.si.edu/digital-library/book/annualreportofbo1863smit,http://www.biodiversitylibrary.org/ia/annualreportofbo1863smit,https://archive.org/details/annualreportofbo1863smit,https://www.biodiversitylibrary.org/itempdf/35778
31,annualreportofbo1914smitfo,Annual report of the Board of Regents of the Smithsonian Institution,1914,934,https://library.si.edu/digital-library/book/annualreportofbo1914smitfo,http://www.biodiversitylibrary.org/ia/annualreportofbo1914smitfo,https://archive.org/details/annualreportofbo1914smitfo,https://www.biodiversitylibrary.org/itempdf/49900
32,smithsonianyear1975smit,Smithsonian year,1975,608,https://library.si.edu/digital-library/book/smithsonianyear1975smit,http://www.biodiversitylibrary.org/ia/smithsonianyear1975smit,https://archive.org/details/smithsonianyear1975smit,https://www.biodiversitylibrary.org/itempdf/83469
33,annualreportfory1964united,Annual report for the year ended June 30 ...,1964,232,https://library.si.edu/digital-library/book/annualreportfory1964united,http://www.biodiversitylibrary.org/ia/annualreportfory1964united,https://archive.org/details/annualreportfory1964united,https://www.biodiversitylibrary.org/itempdf/99019
34,annualreportofbo1957smit,Annual report of the Board of Regents of the Smithsonian Institution,1957,606,https://library.si.edu/digital-library/book/annualreportofbo1957smit,http://www.biodiversitylibrary.org/ia/annualreportofbo1957smit,https://archive.org/details/annualreportofbo1957smit,https://www.biodiversitylibrary.org/itempdf/53367
35,annualreportofbo1931smit,Annual report of the Board of Regents of the Smithsonian Institution,1931,720,https://library.si.edu/digital-library/book/annualreportofbo1931smit,http://www.biodiversitylibrary.org/ia/annualreportofbo1931smit,https://archive.org/details/annualreportofbo1931smit,https://www.biodiversitylibrary.org/itempdf/35625
36,statementbysecre1981smit,Statement by the Secretary,1981,82,https://library.si.edu/digital-library/book/statementbysecre1981smit,http://www.biodiversitylibrary.org/ia/statementbysecre1981smit,https://archive.org/details/statementbysecre1981smit,https://www.biodiversitylibrary.org/itempdf/10762
37,annualreportofbo1857smit,Annual report of the Board of Regents of the Smithsonian Institution,1857,458,https://library.si.edu/digital-library/book/annualreportofbo1857smit,http://www.biodiversitylibrary.org/ia/annualreportofbo1857smit,https://archive.org/details/annualreportofbo1857smit,https://www.biodiversitylibrary.org/itempdf/33413
38,annualreportofb1895smit,Annual report of the Board of Regents of the Smithsonian Institution,1895,1064,https://library.si.edu/digital-library/book/annualreportofb1895smit,http://www.biodiversitylibrary.org/ia/annualreportofb1895smit,https://archive.org/details/annualreportofb1895smit,https://www.biodiversitylibrary.org/itempdf/12151
39,explorationsfiel193032smit,Explorations and field-work of the Smithsonian Institution in ..,1930-1932,550,https://library.si.edu/digital-library/book/explorationsfiel193032smit,http://www.biodiversitylibrary.org/ia/explorationsfiel193032smit,https://archive.org/details/explorationsfiel193032smit,https://www.biodiversitylibrary.org/itempdf/53143
40,smithsonianyears1990smit,Smithsonian year ... supplement : chronology and appendices,1990,446,https://library.si.edu/digital-library/book/smithsonianyears1990smit,http://www.biodiversitylibrary.org/ia/smithsonianyears1990smit,https://archive.org/details/smithsonianyears1990smit,https://www.biodiversitylibrary.org/itempdf/12392
41,annualreportofbo1963smit,Annual report of the Board of Regents of the Smithsonian Institution,1963,726,https://library.si.edu/digital-library/book/annualreportofbo1963smit,http://www.biodiversitylibrary.org/ia/annualreportofbo1963smit,https://archive.org/details/annualreportofbo1963smit,https://www.biodiversitylibrary.org/itempdf/33475
42,annualreportofbo1915smitfo,Annual report of the Board of Regents of the Smithsonian Institution,1915,704,https://library.si.edu/digital-library/book/annualreportofbo1915smitfo,http://www.biodiversitylibrary.org/ia/annualreportofbo1915smitfo,https://archive.org/details/annualreportofbo1915smitfo,https://www.biodiversitylibrary.org/itempdf/51645
43,statementbysecre1979smit,Statement by the Secretary,1979,78,https://library.si.edu/digital-library/book/statementbysecre1979smit,http://www.biodiversitylibrary.org/ia/statementbysecre1979smit,https://archive.org/details/statementbysecre1979smit,https://www.biodiversitylibrary.org/itempdf/10761
44,annualreportofbo1905smit,Annual report of the Board of Regents of the Smithsonian Institution,1905 [Includes Report USNM],152,https://library.si.edu/digital-library/book/annualreportofbo1905smit,http://www.biodiversitylibrary.org/ia/annualreportofbo1905smit,https://archive.org/details/annualreportofbo1905smit,https://www.biodiversitylibrary.org/itempdf/33343
45,smithsonianyeara9197smit,Smithsonian year : annual report of the Smithsonian Institution for the year ended Sept. 30 ..,1991-97,748,https://library.si.edu/digital-library/book/smithsonianyeara9197smit,http://www.biodiversitylibrary.org/ia/smithsonianyeara9197smit,https://archive.org/details/smithsonianyeara9197smit,https://www.biodiversitylibrary.org/itempdf/83483
46,smithsonianyear1969smit,Smithsonian year,1969,736,https://library.si.edu/digital-library/book/smithsonianyear1969smit,http://www.biodiversitylibrary.org/ia/smithsonianyear1969smit,https://archive.org/details/smithsonianyear1969smit,https://www.biodiversitylibrary.org/itempdf/83467
47,annualreportofbo1952smit,Annual report of the Board of Regents of the Smithsonian Institution,1952,534,https://library.si.edu/digital-library/book/annualreportofbo1952smit,http://www.biodiversitylibrary.org/ia/annualreportofbo1952smit,https://archive.org/details/annualreportofbo1952smit,https://www.biodiversitylibrary.org/itempdf/35619
48,annualreportofbo1882smith,Annual report of the Board of Regents of the Smithsonian Institution,1882,896,https://library.si.edu/digital-library/book/annualreportofbo1882smith,http://www.biodiversitylibrary.org/ia/annualreportofbo1882smith,https://archive.org/details/annualreportofbo1882smith,https://www.biodiversitylibrary.org/itempdf/33435
49,annualreportofbo1866smit,Annual report of the Board of Regents of the Smithsonian Institution,1866,494,https://library.si.edu/digital-library/book/annualreportofbo1866smit,http://www.biodiversitylibrary.org/ia/annualreportofbo1866smit,https://archive.org/details/annualreportofbo1866smit,https://www.biodiversitylibrary.org/itempdf/10081
50,annualreportofbo1917smithso,Annual report of the Board of Regents of the Smithsonian Institution,1917,966,https://library.si.edu/digital-library/book/annualreportofbo1917smithso,http://www.biodiversitylibrary.org/ia/annualreportofbo1917smithso,https://archive.org/details/annualreportofbo1917smithso,https://www.biodiversitylibrary.org/itempdf/53289
51,smithsonianyears1989smit,Smithsonian year ... supplement : chronology and appendices,1989,450,https://library.si.edu/digital-library/book/smithsonianyears1989smit,http://www.biodiversitylibrary.org/ia/smithsonianyears1989smit,https://archive.org/details/smithsonianyears1989smit,https://www.biodiversitylibrary.org/itempdf/12394
52,smithsonianyeara1982smit,Smithsonian year : annual report of the Smithsonian Institution for the year ended Sept. 30 ..,1982,656,https://library.si.edu/digital-library/book/smithsonianyeara1982smit,http://www.biodiversitylibrary.org/ia/smithsonianyeara1982smit,https://archive.org/details/smithsonianyeara1982smit,https://www.biodiversitylibrary.org/itempdf/83478
53,annualreportofbo1934smit,Annual report of the Board of Regents of the Smithsonian Institution,1934,560,https://library.si.edu/digital-library/book/annualreportofbo1934smit,http://www.biodiversitylibrary.org/ia/annualreportofbo1934smit,https://archive.org/details/annualreportofbo1934smit,https://www.biodiversitylibrary.org/itempdf/35622
54,annualreportofbo1882smit,Annual report of the Board of Regents of the Smithsonian Institution,1882,892,https://library.si.edu/digital-library/book/annualreportofbo1882smit,http://www.biodiversitylibrary.org/ia/annualreportofbo1882smit,https://archive.org/details/annualreportofbo1882smit,https://www.biodiversitylibrary.org/itempdf/33409
55,annualreportofbo1928smit,Annual report of the Board of Regents of the Smithsonian Institution,1928,948,https://library.si.edu/digital-library/book/annualreportofbo1928smit,http://www.biodiversitylibrary.org/ia/annualreportofbo1928smit,https://archive.org/details/annualreportofbo1928smit,https://www.biodiversitylibrary.org/itempdf/33432
56,annualreportofbo1892smith,Annual report of the Board of Regents of the Smithsonian Institution,1892 [Includes Report USNM],876,https://library.si.edu/digital-library/book/annualreportofbo1892smith,http://www.biodiversitylibrary.org/ia/annualreportofbo1892smith,https://archive.org/details/annualreportofbo1892smith,https://www.biodiversitylibrary.org/itempdf/35654
57,statementbysecre1984smit,Statement by the Secretary,1984,86,https://library.si.edu/digital-library/book/statementbysecre1984smit,http://www.biodiversitylibrary.org/ia/statementbysecre1984smit,https://archive.org/details/statementbysecre1984smit,https://www.biodiversitylibrary.org/itempdf/10870
58,annualreportofb1890smit,Annual report of the Board of Regents of the Smithsonian Institution,1890 [Includes Report USNM],1222,https://library.si.edu/digital-library/book/annualreportofb1890smit,http://www.biodiversitylibrary.org/ia/annualreportofb1890smit,https://archive.org/details/annualreportofb1890smit,https://www.biodiversitylibrary.org/itempdf/12152
59,annualreportofbo1902smith,Annual report of the Board of Regents of the Smithsonian Institution,1902 [Includes Report USNM],1362,https://library.si.edu/digital-library/book/annualreportofbo1902smith,http://www.biodiversitylibrary.org/ia/annualreportofbo1902smith,https://archive.org/details/annualreportofbo1902smith,https://www.biodiversitylibrary.org/itempdf/33494
60,annualreportofbo1917smitfo,Annual report of the Board of Regents of the Smithsonian Institution,1917,964,https://library.si.edu/digital-library/book/annualreportofbo1917smitfo,http://www.biodiversitylibrary.org/ia/annualreportofbo1917smitfo,https://archive.org/details/annualreportofbo1917smitfo,https://www.biodiversitylibrary.org/itempdf/49955
61,annualreportofbo1900smit,Annual report of the Board of Regents of the Smithsonian Institution,1900 [Includes Report USNM],1020,https://library.si.edu/digital-library/book/annualreportofbo1900smit,http://www.biodiversitylibrary.org/ia/annualreportofbo1900smit,https://archive.org/details/annualreportofbo1900smit,https://www.biodiversitylibrary.org/itempdf/35772
62,smithsonianyear1976smit,Smithsonian year,1976,556,https://library.si.edu/digital-library/book/smithsonianyear1976smit,http://www.biodiversitylibrary.org/ia/smithsonianyear1976smit,https://archive.org/details/smithsonianyear1976smit,https://www.biodiversitylibrary.org/itempdf/83470
63,annualreportofbo1860smit,Annual report of the Board of Regents of the Smithsonian Institution,1860,462,https://library.si.edu/digital-library/book/annualreportofbo1860smit,http://www.biodiversitylibrary.org/ia/annualreportofbo1860smit,https://archive.org/details/annualreportofbo1860smit,https://www.biodiversitylibrary.org/itempdf/33412
64,annualreportofbo18842smit,Annual report of the Board of Regents of the Smithsonian Institution,1884:pt.2 [Includes Report USNM],704,https://library.si.edu/digital-library/book/annualreportofbo18842smit,http://www.biodiversitylibrary.org/ia/annualreportofbo18842smit,https://archive.org/details/annualreportofbo18842smit,https://www.biodiversitylibrary.org/itempdf/35790
65,annualreportofbo1932smit,Annual report of the Board of Regents of the Smithsonian Institution,1932,588,https://library.si.edu/digital-library/book/annualreportofbo1932smit,http://www.biodiversitylibrary.org/ia/annualreportofbo1932smit,https://archive.org/details/annualreportofbo1932smit,https://www.biodiversitylibrary.org/itempdf/33480
66,smithsonianyeara1984smit,Smithsonian year : annual report of the Smithsonian Institution for the year ended Sept. 30 ..,1984,712,https://library.si.edu/digital-library/book/smithsonianyeara1984smit,http://www.biodiversitylibrary.org/ia/smithsonianyeara1984smit,https://archive.org/details/smithsonianyeara1984smit,https://www.biodiversitylibrary.org/itempdf/83480
67,annualreportofbo1898smit,Annual report of the Board of Regents of the Smithsonian Institution,1898 [Includes Report USNM],1402,https://library.si.edu/digital-library/book/annualreportofbo1898smit,http://www.biodiversitylibrary.org/ia/annualreportofbo1898smit,https://archive.org/details/annualreportofbo1898smit,https://www.biodiversitylibrary.org/itempdf/33493
68,annualreportofbo1889smith,Annual report of the Board of Regents of the Smithsonian Institution,1889 [Includes Report USNM],1246,https://library.si.edu/digital-library/book/annualreportofbo1889smith,http://www.biodiversitylibrary.org/ia/annualreportofbo1889smith,https://archive.org/details/annualreportofbo1889smith,https://www.biodiversitylibrary.org/itempdf/35914
69,nationalmuseumof00yoch,The National Museum of Natural History : 75 years in the Natural History Building,,230,https://library.si.edu/digital-library/book/nationalmuseumof00yoch,http://www.biodiversitylibrary.org/ia/nationalmuseumof00yoch,https://archive.org/details/nationalmuseumof00yoch,https://www.biodiversitylibrary.org/itempdf/13858
70,annualreportofb1896smit,Annual report of the Board of Regents of the Smithsonian Institution,1896,934,https://library.si.edu/digital-library/book/annualreportofb1896smit,http://www.biodiversitylibrary.org/ia/annualreportofb1896smit,https://archive.org/details/annualreportofb1896smit,https://www.biodiversitylibrary.org/itempdf/12152
71,annualreportofbo1904smith,Annual report of the Board of Regents of the Smithsonian Institution,1904 [Includes Report USNM],948,https://library.si.edu/digital-library/book/annualreportofbo1904smith,http://www.biodiversitylibrary.org/ia/annualreportofbo1904smith,https://archive.org/details/annualreportofbo1904smith,https://www.biodiversitylibrary.org/itempdf/93717
72,statementbysecre1982smit,Statement by the Secretary,1982,82,https://library.si.edu/digital-library/book/statementbysecre1982smit,http://www.biodiversitylibrary.org/ia/statementbysecre1982smit,https://archive.org/details/statementbysecre1982smit,https://www.biodiversitylibrary.org/itempdf/10761
73,annualreportofbo1960smit,Annual report of the Board of Regents of the Smithsonian Institution,1960,738,https://library.si.edu/digital-library/book/annualreportofbo1960smit,http://www.biodiversitylibrary.org/ia/annualreportofbo1960smit,https://archive.org/details/annualreportofbo1960smit,https://www.biodiversitylibrary.org/itempdf/35563
74,annualreportofbo1884smit,Annual report of the Board of Regents of the Smithsonian Institution,1884,960,https://library.si.edu/digital-library/book/annualreportofbo1884smit,http://www.biodiversitylibrary.org/ia/annualreportofbo1884smit,https://archive.org/details/annualreportofbo1884smit,https://www.biodiversitylibrary.org/itempdf/33421
75,annualreportofbo1906smit,Annual report of the Board of Regents of the Smithsonian Institution,1906 [Includes Report USNM],141,https://library.si.edu/digital-library/book/annualreportofbo1906smit,http://www.biodiversitylibrary.org/ia/annualreportofbo1906smit,https://archive.org/details/annualreportofbo1906smit,https://www.biodiversitylibrary.org/itempdf/33345
76,annualreportofbo1948smit,Annual report of the Board of Regents of the Smithsonian Institution,1948,598,https://library.si.edu/digital-library/book/annualreportofbo1948smit,http://www.biodiversitylibrary.org/ia/annualreportofbo1948smit,https://archive.org/details/annualreportofbo1948smit,https://www.biodiversitylibrary.org/itempdf/53498
77,annualreportofbo1951smit,Annual report of the Board of Regents of the Smithsonian Institution,1951,546,https://library.si.edu/digital-library/book/annualreportofbo1951smit,http://www.biodiversitylibrary.org/ia/annualreportofbo1951smit,https://archive.org/details/annualreportofbo1951smit,https://www.biodiversitylibrary.org/itempdf/33482
78,smithsonianyeara1979smit,Smithsonian year : annual report of the Smithsonian Institution for the year ended Sept. 30 ..,1979,608,https://library.si.edu/digital-library/book/smithsonianyeara1979smit,http://www.biodiversitylibrary.org/ia/smithsonianyeara1979smit,https://archive.org/details/smithsonianyeara1979smit,https://www.biodiversitylibrary.org/itempdf/83475
79,annualreportofbo1865smit,Annual report of the Board of Regents of the Smithsonian Institution,1865,514,https://library.si.edu/digital-library/book/annualreportofbo1865smit,http://www.biodiversitylibrary.org/ia/annualreportofbo1865smit,https://archive.org/details/annualreportofbo1865smit,https://www.biodiversitylibrary.org/itempdf/35801
80,annualreportofbo1901smithso,Annual report of the Board of Regents of the Smithsonian Institution,1901 [Includes Report USNM],910,https://library.si.edu/digital-library/book/annualreportofbo1901smithso,http://www.biodiversitylibrary.org/ia/annualreportofbo1901smithso,https://archive.org/details/annualreportofbo1901smithso,https://www.biodiversitylibrary.org/itempdf/35810
81,smithsonianyeara1981smit,Smithsonian year : annual report of the Smithsonian Institution for the year ended Sept. 30 ..,1981,608,https://library.si.edu/digital-library/book/smithsonianyeara1981smit,http://www.biodiversitylibrary.org/ia/smithsonianyeara1981smit,https://archive.org/details/smithsonianyeara1981smit,https://www.biodiversitylibrary.org/itempdf/83477
82,annualreportofbo1937smit,Annual report of the Board of Regents of the Smithsonian Institution,1937,766,https://library.si.edu/digital-library/book/annualreportofbo1937smit,http://www.biodiversitylibrary.org/ia/annualreportofbo1937smit,https://archive.org/details/annualreportofbo1937smit,https://www.biodiversitylibrary.org/itempdf/53290
83,annualreportofbo18551856smit,Annual report of the Board of Regents of the Smithsonian Institution,1855-1856,928,https://library.si.edu/digital-library/book/annualreportofbo18551856smit,http://www.biodiversitylibrary.org/ia/annualreportofbo18551856smit,https://archive.org/details/annualreportofbo18551856smit,https://www.biodiversitylibrary.org/itempdf/35809
84,annualreportofbo1881smit,Annual report of the Board of Regents of the Smithsonian Institution,1881,876,https://library.si.edu/digital-library/book/annualreportofbo1881smit,http://www.biodiversitylibrary.org/ia/annualreportofbo1881smit,https://archive.org/details/annualreportofbo1881smit,https://www.biodiversitylibrary.org/itempdf/35781
85,annualreportofbo1872smith,Annual report of the Board of Regents of the Smithsonian Institution,1872,476,https://library.si.edu/digital-library/book/annualreportofbo1872smith,http://www.biodiversitylibrary.org/ia/annualreportofbo1872smith,https://archive.org/details/annualreportofbo1872smith,https://www.biodiversitylibrary.org/itempdf/34977
86,annualreportofbo1900smitfo,Annual report of the Board of Regents of the Smithsonian Institution,1900,1074,https://library.si.edu/digital-library/book/annualreportofbo1900smitfo,http://www.biodiversitylibrary.org/ia/annualreportofbo1900smitfo,https://archive.org/details/annualreportofbo1900smitfo,https://www.biodiversitylibrary.org/itempdf/53390
87,annualreportofbo1888smiths,Annual report of the Board of Regents of the Smithsonian Institution,1888 [Includes Report USNM],1304,https://library.si.edu/digital-library/book/annualreportofbo1888smiths,http://www.biodiversitylibrary.org/ia/annualreportofbo1888smiths,https://archive.org/details/annualreportofbo1888smiths,https://www.biodiversitylibrary.org/itempdf/97651
88,annualreportofbo1879smit,Annual report of the Board of Regents of the Smithsonian Institution,1879,644,https://library.si.edu/digital-library/book/annualreportofbo1879smit,http://www.biodiversitylibrary.org/ia/annualreportofbo1879smit,https://archive.org/details/annualreportofbo1879smit,https://www.biodiversitylibrary.org/itempdf/33419
89,annualreportofbo1904smithso,Annual report of the Board of Regents of the Smithsonian Institution,1904,1062,https://library.si.edu/digital-library/book/annualreportofbo1904smithso,http://www.biodiversitylibrary.org/ia/annualreportofbo1904smithso,https://archive.org/details/annualreportofbo1904smithso,https://www.biodiversitylibrary.org/itempdf/33454
90,annualreportofbo1903smit,Annual report of the Board of Regents of the Smithsonian Institution,1903 [Includes Report USNM],818,https://library.si.edu/digital-library/book/annualreportofbo1903smit,http://www.biodiversitylibrary.org/ia/annualreportofbo1903smit,https://archive.org/details/annualreportofbo1903smit,https://www.biodiversitylibrary.org/itempdf/33446
91,annualreportofbo1906smitfo,Annual report of the Board of Regents of the Smithsonian Institution,1906,674,https://library.si.edu/digital-library/book/annualreportofbo1906smitfo,http://www.biodiversitylibrary.org/ia/annualreportofbo1906smitfo,https://archive.org/details/annualreportofbo1906smitfo,https://www.biodiversitylibrary.org/itempdf/50000
92,annualreportofbo1861smit,Annual report of the Board of Regents of the Smithsonian Institution,1861,480,https://library.si.edu/digital-library/book/annualreportofbo1861smit,http://www.biodiversitylibrary.org/ia/annualreportofbo1861smit,https://archive.org/details/annualreportofbo1861smit,https://www.biodiversitylibrary.org/itempdf/35786
93,annualreportofbo1955smit,Annual report of the Board of Regents of the Smithsonian Institution,1955,634,https://library.si.edu/digital-library/book/annualreportofbo1955smit,http://www.biodiversitylibrary.org/ia/annualreportofbo1955smit,https://archive.org/details/annualreportofbo1955smit,https://www.biodiversitylibrary.org/itempdf/33415
94,annualreportofbo18531854smit,Annual report of the Board of Regents of the Smithsonian Institution,1853-1854,770,https://library.si.edu/digital-library/book/annualreportofbo18531854smit,http://www.biodiversitylibrary.org/ia/annualreportofbo18531854smit,https://archive.org/details/annualreportofbo18531854smit,https://www.biodiversitylibrary.org/itempdf/33490
95,annualreportofbo18471849smit,Annual report of the Board of Regents of the Smithsonian Institution,1847-1849,552,https://library.si.edu/digital-library/book/annualreportofbo18471849smit,http://www.biodiversitylibrary.org/ia/annualreportofbo18471849smit,https://archive.org/details/annualreportofbo18471849smit,https://www.biodiversitylibrary.org/itempdf/35793
96,annualreportofbo1933smit,Annual report of the Board of Regents of the Smithsonian Institution,1933,576,https://library.si.edu/digital-library/book/annualreportofbo1933smit,http://www.biodiversitylibrary.org/ia/annualreportofbo1933smit,https://archive.org/details/annualreportofbo1933smit,https://www.biodiversitylibrary.org/itempdf/35565
97,annualreportofbo1911smits,Annual report of the Board of Regents of the Smithsonian Institution,1911,834,https://library.si.edu/digital-library/book/annualreportofbo1911smits,http://www.biodiversitylibrary.org/ia/annualreportofbo1911smits,https://archive.org/details/annualreportofbo1911smits,https://www.biodiversitylibrary.org/itempdf/53285
98,annualreportofbo1899smit,Annual report of the Board of Regents of the Smithsonian Institution,1899 [Includes Report USNM],884,https://library.si.edu/digital-library/book/annualreportofbo1899smit,http://www.biodiversitylibrary.org/ia/annualreportofbo1899smit,https://archive.org/details/annualreportofbo1899smit,https://www.biodiversitylibrary.org/itempdf/35617
99,smithsonianyears1992smit,Smithsonian year ... supplement : chronology and appendices,1992,248,https://library.si.edu/digital-library/book/smithsonianyears1992smit,http://www.biodiversitylibrary.org/ia/smithsonianyears1992smit,https://archive.org/details/smithsonianyears1992smit,https://www.biodiversitylibrary.org/itempdf/12394
100,statementbysecre1983smit,Statement by the Secretary,1983,86,https://library.si.edu/digital-library/book/statementbysecre1983smit,http://www.biodiversitylibrary.org/ia/statementbysecre1983smit,https://archive.org/details/statementbysecre1983smit,https://www.biodiversitylibrary.org/itempdf/10781
101,smithsonianyeara1999smit,Smithsonian year : annual report of the Smithsonian Institution for the year ended Sept. 30 ..,1999,126,https://library.si.edu/digital-library/book/smithsonianyeara1999smit,http://www.biodiversitylibrary.org/ia/smithsonianyeara1999smit,https://archive.org/details/smithsonianyeara1999smit,https://www.biodiversitylibrary.org/itempdf/10763
102,annualreportofbo1907smitfo,Annual report of the Board of Regents of the Smithsonian Institution,1907,924,https://library.si.edu/digital-library/book/annualreportofbo1907smitfo,http://www.biodiversitylibrary.org/ia/annualreportofbo1907smitfo,https://archive.org/details/annualreportofbo1907smitfo,https://www.biodiversitylibrary.org/itempdf/49899
103,annualreportofbo1961smit,Annual report of the Board of Regents of the Smithsonian Institution,1961,692,https://library.si.edu/digital-library/book/annualreportofbo1961smit,http://www.biodiversitylibrary.org/ia/annualreportofbo1961smit,https://archive.org/details/annualreportofbo1961smit,https://www.biodiversitylibrary.org/itempdf/33464
104,annualreportofbo1861smith,Annual report of the Board of Regents of the Smithsonian Institution,1861,486,https://library.si.edu/digital-library/book/annualreportofbo1861smith,http://www.biodiversitylibrary.org/ia/annualreportofbo1861smith,https://archive.org/details/annualreportofbo1861smith,https://www.biodiversitylibrary.org/itempdf/35785
105,annualreportofbo1949smit,Annual report of the Board of Regents of the Smithsonian Institution,1949,532,https://library.si.edu/digital-library/book/annualreportofbo1949smit,http://www.biodiversitylibrary.org/ia/annualreportofbo1949smit,https://archive.org/details/annualreportofbo1949smit,https://www.biodiversitylibrary.org/itempdf/53490
106,annualreportofbo1899smitfo,Annual report of the Board of Regents of the Smithsonian Institution,1899,938,https://library.si.edu/digital-library/book/annualreportofbo1899smitfo,http://www.biodiversitylibrary.org/ia/annualreportofbo1899smitfo,https://archive.org/details/annualreportofbo1899smitfo,https://www.biodiversitylibrary.org/itempdf/52678
107,annualreportofbo1950smit,Annual report of the Board of Regents of the Smithsonian Institution,1950,634,https://library.si.edu/digital-library/book/annualreportofbo1950smit,http://www.biodiversitylibrary.org/ia/annualreportofbo1950smit,https://archive.org/details/annualreportofbo1950smit,https://www.biodiversitylibrary.org/itempdf/35569
108,smithsonianyeara1978smit,Smithsonian year : annual report of the Smithsonian Institution for the year ended Sept. 30 ..,1978,544,https://library.si.edu/digital-library/book/smithsonianyeara1978smit,http://www.biodiversitylibrary.org/ia/smithsonianyeara1978smit,https://archive.org/details/smithsonianyeara1978smit,https://www.biodiversitylibrary.org/itempdf/83474
109,annualreportofbo18851smith,Annual report of the Board of Regents of the Smithsonian Institution,1885:pt.1,1034,https://library.si.edu/digital-library/book/annualreportofbo18851smith,http://www.biodiversitylibrary.org/ia/annualreportofbo18851smith,https://archive.org/details/annualreportofbo18851smith,https://www.biodiversitylibrary.org/itempdf/33483
110,annualreportofbo1864smit,Annual report of the Board of Regents of the Smithsonian Institution,1864,470,https://library.si.edu/digital-library/book/annualreportofbo1864smit,http://www.biodiversitylibrary.org/ia/annualreportofbo1864smit,https://archive.org/details/annualreportofbo1864smit,https://www.biodiversitylibrary.org/itempdf/52085
111,annualreportofbo18972smit,Annual report of the Board of Regents of the Smithsonian Institution,1897:pt.2 [Includes Report USNM],764,https://library.si.edu/digital-library/book/annualreportofbo18972smit,http://www.biodiversitylibrary.org/ia/annualreportofbo18972smit,https://archive.org/details/annualreportofbo18972smit,https://www.biodiversitylibrary.org/itempdf/35571
112,annualreportofbo1936smit,Annual report of the Board of Regents of the Smithsonian Institution,1936,598,https://library.si.edu/digital-library/book/annualreportofbo1936smit,http://www.biodiversitylibrary.org/ia/annualreportofbo1936smit,https://archive.org/details/annualreportofbo1936smit,https://www.biodiversitylibrary.org/itempdf/33462
113,annualreportofbo1964smit,Annual report of the Board of Regents of the Smithsonian Institution,1964,652,https://library.si.edu/digital-library/book/annualreportofbo1964smit,http://www.biodiversitylibrary.org/ia/annualreportofbo1964smit,https://archive.org/details/annualreportofbo1964smit,https://www.biodiversitylibrary.org/itempdf/33488
114,annualreportofbo1880smit,Annual report of the Board of Regents of the Smithsonian Institution,1880,796,https://library.si.edu/digital-library/book/annualreportofbo1880smit,http://www.biodiversitylibrary.org/ia/annualreportofbo1880smit,https://archive.org/details/annualreportofbo1880smit,https://www.biodiversitylibrary.org/itempdf/33416
115,smithsonianyeara8890smit,Smithsonian year : annual report of the Smithsonian Institution for the year ended Sept. 30 ..,1988-90,640,https://library.si.edu/digital-library/book/smithsonianyeara8890smit,http://www.biodiversitylibrary.org/ia/smithsonianyeara8890smit,https://archive.org/details/smithsonianyeara8890smit,https://www.biodiversitylibrary.org/itempdf/83482
116,annualreportofbo1905smitfo,Annual report of the Board of Regents of the Smithsonian Institution,1905,712,https://library.si.edu/digital-library/book/annualreportofbo1905smitfo,http://www.biodiversitylibrary.org/ia/annualreportofbo1905smitfo,https://archive.org/details/annualreportofbo1905smitfo,https://www.biodiversitylibrary.org/itempdf/49478
117,annualreportofbo1878smit,Annual report of the Board of Regents of the Smithsonian Institution,1878,592,https://library.si.edu/digital-library/book/annualreportofbo1878smit,http://www.biodiversitylibrary.org/ia/annualreportofbo1878smit,https://archive.org/details/annualreportofbo1878smit,https://www.biodiversitylibrary.org/itempdf/35589
118,annualreportofbo1902smit,Annual report of the Board of Regents of the Smithsonian Institution,1902,898,https://library.si.edu/digital-library/book/annualreportofbo1902smit,http://www.biodiversitylibrary.org/ia/annualreportofbo1902smit,https://archive.org/details/annualreportofbo1902smit,https://www.biodiversitylibrary.org/itempdf/33422
119,annualreportofbo1895smit,Annual report of the Board of Regents of the Smithsonian Institution,1895 [Includes Report USNM],1538,https://library.si.edu/digital-library/book/annualreportofbo1895smit,http://www.biodiversitylibrary.org/ia/annualreportofbo1895smit,https://archive.org/details/annualreportofbo1895smit,https://www.biodiversitylibrary.org/itempdf/35804
120,annualreportofbo1959smit,Annual report of the Board of Regents of the Smithsonian Institution,1959,830,https://library.si.edu/digital-library/book/annualreportofbo1959smit,http://www.biodiversitylibrary.org/ia/annualreportofbo1959smit,https://archive.org/details/annualreportofbo1959smit,https://www.biodiversitylibrary.org/itempdf/51839
121,annualreportofbo1871smit,Annual report of the Board of Regents of the Smithsonian Institution,1871,490,https://library.si.edu/digital-library/book/annualreportofbo1871smit,http://www.biodiversitylibrary.org/ia/annualreportofbo1871smit,https://archive.org/details/annualreportofbo1871smit,https://www.biodiversitylibrary.org/itempdf/33407
122,explorationsfiel192426smit,Explorations and field-work of the Smithsonian Institution in ..,1924-1926,586,https://library.si.edu/digital-library/book/explorationsfiel192426smit,http://www.biodiversitylibrary.org/ia/explorationsfiel192426smit,https://archive.org/details/explorationsfiel192426smit,https://www.biodiversitylibrary.org/itempdf/53715
123,smithsonianyear1967smit,Smithsonian year,1967,544,https://library.si.edu/digital-library/book/smithsonianyear1967smit,http://www.biodiversitylibrary.org/ia/smithsonianyear1967smit,https://archive.org/details/smithsonianyear1967smit,https://www.biodiversitylibrary.org/itempdf/83465
124,statementbysecre1977smit,Statement by the Secretary,1977,86,https://library.si.edu/digital-library/book/statementbysecre1977smit,http://www.biodiversitylibrary.org/ia/statementbysecre1977smit,https://archive.org/details/statementbysecre1977smit,https://www.biodiversitylibrary.org/itempdf/10761
125,annualreportofbo1945smit,Annual report of the Board of Regents of the Smithsonian Institution,1945,598,https://library.si.edu/digital-library/book/annualreportofbo1945smit,http://www.biodiversitylibrary.org/ia/annualreportofbo1945smit,https://archive.org/details/annualreportofbo1945smit,https://www.biodiversitylibrary.org/itempdf/53479
126,annualreportofbo1889smit,Annual report of the Board of Regents of the Smithsonian Institution,1889,882,https://library.si.edu/digital-library/book/annualreportofbo1889smit,http://www.biodiversitylibrary.org/ia/annualreportofbo1889smit,https://archive.org/details/annualreportofbo1889smit,https://www.biodiversitylibrary.org/itempdf/33476
127,annualreportofbo1910smits,Annual report of the Board of Regents of the Smithsonian Institution,1910,856,https://library.si.edu/digital-library/book/annualreportofbo1910smits,http://www.biodiversitylibrary.org/ia/annualreportofbo1910smits,https://archive.org/details/annualreportofbo1910smits,https://www.biodiversitylibrary.org/itempdf/53369
128,annualreportofbo1923smit,Annual report of the Board of Regents of the Smithsonian Institution,1923,720,https://library.si.edu/digital-library/book/annualreportofbo1923smit,http://www.biodiversitylibrary.org/ia/annualreportofbo1923smit,https://archive.org/details/annualreportofbo1923smit,https://www.biodiversitylibrary.org/itempdf/53368
129,annualreportofbo1859smit,Annual report of the Board of Regents of the Smithsonian Institution,1859,470,https://library.si.edu/digital-library/book/annualreportofbo1859smit,http://www.biodiversitylibrary.org/ia/annualreportofbo1859smit,https://archive.org/details/annualreportofbo1859smit,https://www.biodiversitylibrary.org/itempdf/35805
130,annualreportofbo1890smit,Annual report of the Board of Regents of the Smithsonian Institution,1890,858,https://library.si.edu/digital-library/book/annualreportofbo1890smit,http://www.biodiversitylibrary.org/ia/annualreportofbo1890smit,https://archive.org/details/annualreportofbo1890smit,https://www.biodiversitylibrary.org/itempdf/33463
131,annualreportofbo18862smit,Annual report of the Board of Regents of the Smithsonian Institution,1886:pt.2 [Includes Report USNM],914,https://library.si.edu/digital-library/book/annualreportofbo18862smit,http://www.biodiversitylibrary.org/ia/annualreportofbo18862smit,https://archive.org/details/annualreportofbo18862smit,https://www.biodiversitylibrary.org/itempdf/33420
132,smithsonianyeara2000smit,Smithsonian year : annual report of the Smithsonian Institution for the year ended Sept. 30 ..,2000,102,https://library.si.edu/digital-library/book/smithsonianyeara2000smit,http://www.biodiversitylibrary.org/ia/smithsonianyeara2000smit,https://archive.org/details/smithsonianyeara2000smit,https://www.biodiversitylibrary.org/itempdf/10771
133,smithsonianyears1987smit,Smithsonian year ... supplement : chronology and appendices,1987,418,https://library.si.edu/digital-library/book/smithsonianyears1987smit,http://www.biodiversitylibrary.org/ia/smithsonianyears1987smit,https://archive.org/details/smithsonianyears1987smit,https://www.biodiversitylibrary.org/itempdf/12394
134,annualreportofbo1868smit,Annual report of the Board of Regents of the Smithsonian Institution,1868,494,https://library.si.edu/digital-library/book/annualreportofbo1868smit,http://www.biodiversitylibrary.org/ia/annualreportofbo1868smit,https://archive.org/details/annualreportofbo1868smit,https://www.biodiversitylibrary.org/itempdf/33079
135,annualreportofbo1912smit,Annual report of the Board of Regents of the Smithsonian Institution,1912,890,https://library.si.edu/digital-library/book/annualreportofbo1912smit,http://www.biodiversitylibrary.org/ia/annualreportofbo1912smit,https://archive.org/details/annualreportofbo1912smit,https://www.biodiversitylibrary.org/itempdf/33425
136,annualreportofbo1940smit,Annual report of the Board of Regents of the Smithsonian Institution,1940,656,https://library.si.edu/digital-library/book/annualreportofbo1940smit,http://www.biodiversitylibrary.org/ia/annualreportofbo1940smit,https://archive.org/details/annualreportofbo1940smit,https://www.biodiversitylibrary.org/itempdf/33522
137,annualreportofbo1874smit,Annual report of the Board of Regents of the Smithsonian Institution,1874,436,https://library.si.edu/digital-library/book/annualreportofbo1874smit,http://www.biodiversitylibrary.org/ia/annualreportofbo1874smit,https://archive.org/details/annualreportofbo1874smit,https://www.biodiversitylibrary.org/itempdf/33388
138,annualreportofbo1926smit,Annual report of the Board of Regents of the Smithsonian Institution,1926,716,https://library.si.edu/digital-library/book/annualreportofbo1926smit,http://www.biodiversitylibrary.org/ia/annualreportofbo1926smit,https://archive.org/details/annualreportofbo1926smit,https://www.biodiversitylibrary.org/itempdf/53776
139,annualreportofbo1894smit,Annual report of the Board of Regents of the Smithsonian Institution,1894,982,https://library.si.edu/digital-library/book/annualreportofbo1894smit,http://www.biodiversitylibrary.org/ia/annualreportofbo1894smit,https://archive.org/details/annualreportofbo1894smit,https://www.biodiversitylibrary.org/itempdf/35916
140,annualreportofbo1958smit,Annual report of the Board of Regents of the Smithsonian Institution,1958,702,https://library.si.edu/digital-library/book/annualreportofbo1958smit,http://www.biodiversitylibrary.org/ia/annualreportofbo1958smit,https://archive.org/details/annualreportofbo1958smit,https://www.biodiversitylibrary.org/itempdf/52238
141,annualreportfory1959united,Annual report for the year ended June 30 ...,1959,192,https://library.si.edu/digital-library/book/annualreportfory1959united,http://www.biodiversitylibrary.org/ia/annualreportfory1959united,https://archive.org/details/annualreportfory1959united,https://www.biodiversitylibrary.org/itempdf/99018
142,annualreportofbo1870smit,Annual report of the Board of Regents of the Smithsonian Institution,1870,532,https://library.si.edu/digital-library/book/annualreportofbo1870smit,http://www.biodiversitylibrary.org/ia/annualreportofbo1870smit,https://archive.org/details/annualreportofbo1870smit,https://www.biodiversitylibrary.org/itempdf/35624
143,annualreportofbo1944smit,Annual report of the Board of Regents of the Smithsonian Institution,1944,576,https://library.si.edu/digital-library/book/annualreportofbo1944smit,http://www.biodiversitylibrary.org/ia/annualreportofbo1944smit,https://archive.org/details/annualreportofbo1944smit,https://www.biodiversitylibrary.org/itempdf/51421
144,annualreportofbo1888smit,Annual report of the Board of Regents of the Smithsonian Institution,1888,896,https://library.si.edu/digital-library/book/annualreportofbo1888smit,http://www.biodiversitylibrary.org/ia/annualreportofbo1888smit,https://archive.org/details/annualreportofbo1888smit,https://www.biodiversitylibrary.org/itempdf/33448
145,annualreportofbo1922smit,Annual report of the Board of Regents of the Smithsonian Institution,1922,736,https://library.si.edu/digital-library/book/annualreportofbo1922smit,http://www.biodiversitylibrary.org/ia/annualreportofbo1922smit,https://archive.org/details/annualreportofbo1922smit,https://www.biodiversitylibrary.org/itempdf/53418
146,annualreportfory1958united,Annual report for the year ended June 30 ...,1958,166,https://library.si.edu/digital-library/book/annualreportfory1958united,http://www.biodiversitylibrary.org/ia/annualreportfory1958united,https://archive.org/details/annualreportfory1958united,https://www.biodiversitylibrary.org/itempdf/98956
147,annualreportofbo18501852smit,Annual report of the Board of Regents of the Smithsonian Institution,1850-1852,596,https://library.si.edu/digital-library/book/annualreportofbo18501852smit,http://www.biodiversitylibrary.org/ia/annualreportofbo18501852smit,https://archive.org/details/annualreportofbo18501852smit,https://www.biodiversitylibrary.org/itempdf/35614
148,annualreportofbo1858smit,Annual report of the Board of Regents of the Smithsonian Institution,1858,468,https://library.si.edu/digital-library/book/annualreportofbo1858smit,http://www.biodiversitylibrary.org/ia/annualreportofbo1858smit,https://archive.org/details/annualreportofbo1858smit,https://www.biodiversitylibrary.org/itempdf/33466
149,annualreportofbo1888smith,Annual report of the Board of Regents of the Smithsonian Institution,1888,902,https://library.si.edu/digital-library/book/annualreportofbo1888smith,http://www.biodiversitylibrary.org/ia/annualreportofbo1888smith,https://archive.org/details/annualreportofbo1888smith,https://www.biodiversitylibrary.org/itempdf/33481
150,annualreportofbo1891smit,Annual report of the Board of Regents of the Smithsonian Institution,1891,784,https://library.si.edu/digital-library/book/annualreportofbo1891smit,http://www.biodiversitylibrary.org/ia/annualreportofbo1891smit,https://archive.org/details/annualreportofbo1891smit,https://www.biodiversitylibrary.org/itempdf/52614
151,smithsonianyear7071smit,Smithsonian year,1970-71,512,https://library.si.edu/digital-library/book/smithsonianyear7071smit,http://www.biodiversitylibrary.org/ia/smithsonianyear7071smit,https://archive.org/details/smithsonianyear7071smit,https://www.biodiversitylibrary.org/itempdf/83471
152,smithsonianyears1986smit,Smithsonian year ... supplement : chronology and appendices,1986,396,https://library.si.edu/digital-library/book/smithsonianyears1986smit,http://www.biodiversitylibrary.org/ia/smithsonianyears1986smit,https://archive.org/details/smithsonianyears1986smit,https://www.biodiversitylibrary.org/itempdf/12394
153,annualreportofbo1869smit,Annual report of the Board of Regents of the Smithsonian Institution,1869,450,https://library.si.edu/digital-library/book/annualreportofbo1869smit,http://www.biodiversitylibrary.org/ia/annualreportofbo1869smit,https://archive.org/details/annualreportofbo1869smit,https://www.biodiversitylibrary.org/itempdf/33411
154,annualreportofbo1913smit,Annual report of the Board of Regents of the Smithsonian Institution,1913,1030,https://library.si.edu/digital-library/book/annualreportofbo1913smit,http://www.biodiversitylibrary.org/ia/annualreportofbo1913smit,https://archive.org/details/annualreportofbo1913smit,https://www.biodiversitylibrary.org/itempdf/53608
155,annualreportofbo1941smit,Annual report of the Board of Regents of the Smithsonian Institution,1941,752,https://library.si.edu/digital-library/book/annualreportofbo1941smit,http://www.biodiversitylibrary.org/ia/annualreportofbo1941smit,https://archive.org/details/annualreportofbo1941smit,https://www.biodiversitylibrary.org/itempdf/33470
156,annualreportofbo1875smit,Annual report of the Board of Regents of the Smithsonian Institution,1875,558,https://library.si.edu/digital-library/book/annualreportofbo1875smit,http://www.biodiversitylibrary.org/ia/annualreportofbo1875smit,https://archive.org/details/annualreportofbo1875smit,https://www.biodiversitylibrary.org/itempdf/33408
157,explorationsfie193740smit,Explorations and field-work of the Smithsonian Institution in ..,1937-1940,474,https://library.si.edu/digital-library/book/explorationsfie193740smit,http://www.biodiversitylibrary.org/ia/explorationsfie193740smit,https://archive.org/details/explorationsfie193740smit,https://www.biodiversitylibrary.org/itempdf/12647
158,explorationsfiel192123smit,Explorations and field-work of the Smithsonian Institution in ..,1921-1923,464,https://library.si.edu/digital-library/book/explorationsfiel192123smit,http://www.biodiversitylibrary.org/ia/explorationsfiel192123smit,https://archive.org/details/explorationsfiel192123smit,https://www.biodiversitylibrary.org/itempdf/53750
159,annualreportofbo1927smit,Annual report of the Board of Regents of the Smithsonian Institution,1927,718,https://library.si.edu/digital-library/book/annualreportofbo1927smit,http://www.biodiversitylibrary.org/ia/annualreportofbo1927smit,https://archive.org/details/annualreportofbo1927smit,https://www.biodiversitylibrary.org/itempdf/54080
160,annualreportofbo1915smits,Annual report of the Board of Regents of the Smithsonian Institution,1915,706,https://library.si.edu/digital-library/book/annualreportofbo1915smits,http://www.biodiversitylibrary.org/ia/annualreportofbo1915smits,https://archive.org/details/annualreportofbo1915smits,https://www.biodiversitylibrary.org/itempdf/53518
161,annualreportofbo1897smit,Annual report of the Board of Regents of the Smithsonian Institution,1897,964,https://library.si.edu/digital-library/book/annualreportofbo1897smit,http://www.biodiversitylibrary.org/ia/annualreportofbo1897smit,https://archive.org/details/annualreportofbo1897smit,https://www.biodiversitylibrary.org/itempdf/98490
162,annualreportfory1957united,Annual report for the year ended June 30 ...,1957,152,https://library.si.edu/digital-library/book/annualreportfory1957united,http://www.biodiversitylibrary.org/ia/annualreportfory1957united,https://archive.org/details/annualreportfory1957united,https://www.biodiversitylibrary.org/itempdf/99126
163,smithsonianyear1965smit,Smithsonian year,1965,526,https://library.si.edu/digital-library/book/smithsonianyear1965smit,http://www.biodiversitylibrary.org/ia/smithsonianyear1965smit,https://archive.org/details/smithsonianyear1965smit,https://www.biodiversitylibrary.org/itempdf/83463
164,annualreportofbo1873smit,Annual report of the Board of Regents of the Smithsonian Institution,1873,472,https://library.si.edu/digital-library/book/annualreportofbo1873smit,http://www.biodiversitylibrary.org/ia/annualreportofbo1873smit,https://archive.org/details/annualreportofbo1873smit,https://www.biodiversitylibrary.org/itempdf/10078
165,annualreportofbo1947smit,Annual report of the Board of Regents of the Smithsonian Institution,1947,568,https://library.si.edu/digital-library/book/annualreportofbo1947smit,http://www.biodiversitylibrary.org/ia/annualreportofbo1947smit,https://archive.org/details/annualreportofbo1947smit,https://www.biodiversitylibrary.org/itempdf/35609
166,annualreportofbo18851smit,Annual report of the Board of Regents of the Smithsonian Institution,1885:pt.1,1030,https://library.si.edu/digital-library/book/annualreportofbo18851smit,http://www.biodiversitylibrary.org/ia/annualreportofbo18851smit,https://archive.org/details/annualreportofbo18851smit,https://www.biodiversitylibrary.org/itempdf/33436
167,annualreportofbo1909smit,Annual report of the Board of Regents of the Smithsonian Institution,1909,948,https://library.si.edu/digital-library/book/annualreportofbo1909smit,http://www.biodiversitylibrary.org/ia/annualreportofbo1909smit,https://archive.org/details/annualreportofbo1909smit,https://www.biodiversitylibrary.org/itempdf/53267
168,annualreportofbo1921smit,Annual report of the Board of Regents of the Smithsonian Institution,1921,794,https://library.si.edu/digital-library/book/annualreportofbo1921smit,http://www.biodiversitylibrary.org/ia/annualreportofbo1921smit,https://archive.org/details/annualreportofbo1921smit,https://www.biodiversitylibrary.org/itempdf/33424
169,annualreportfory1956united,Annual report for the year ended June 30 ...,1956,134,https://library.si.edu/digital-library/book/annualreportfory1956united,http://www.biodiversitylibrary.org/ia/annualreportfory1956united,https://archive.org/details/annualreportfory1956united,https://www.biodiversitylibrary.org/itempdf/99125
170,annualreportfory1955united,Annual report for the year ended June 30 ...,1955,132,https://library.si.edu/digital-library/book/annualreportfory1955united,http://www.biodiversitylibrary.org/ia/annualreportfory1955united,https://archive.org/details/annualreportfory1955united,https://www.biodiversitylibrary.org/itempdf/99133
171,annualreportofbo1938smit,Annual report of the Board of Regents of the Smithsonian Institution,1938,740,https://library.si.edu/digital-library/book/annualreportofbo1938smit,http://www.biodiversitylibrary.org/ia/annualreportofbo1938smit,https://archive.org/details/annualreportofbo1938smit,https://www.biodiversitylibrary.org/itempdf/53263
172,annualreportofbo1892smit,Annual report of the Board of Regents of the Smithsonian Institution,1892,882,https://library.si.edu/digital-library/book/annualreportofbo1892smit,http://www.biodiversitylibrary.org/ia/annualreportofbo1892smit,https://archive.org/details/annualreportofbo1892smit,https://www.biodiversitylibrary.org/itempdf/33491
173,smithsonianyears1985smit,Smithsonian year ... supplement : chronology and appendices,1985,438,https://library.si.edu/digital-library/book/smithsonianyears1985smit,http://www.biodiversitylibrary.org/ia/smithsonianyears1985smit,https://archive.org/details/smithsonianyears1985smit,https://www.biodiversitylibrary.org/itempdf/12393
174,annualreportofbo1893smith,Annual report of the Board of Regents of the Smithsonian Institution,1893 [Includes Report USNM],1270,https://library.si.edu/digital-library/book/annualreportofbo1893smith,http://www.biodiversitylibrary.org/ia/annualreportofbo1893smith,https://archive.org/details/annualreportofbo1893smith,https://www.biodiversitylibrary.org/itempdf/35915
175,annualreportofbo1903smith,Annual report of the Board of Regents of the Smithsonian Institution,1903,1120,https://library.si.edu/digital-library/book/annualreportofbo1903smith,http://www.biodiversitylibrary.org/ia/annualreportofbo1903smith,https://archive.org/details/annualreportofbo1903smith,https://www.biodiversitylibrary.org/itempdf/91388
176,annualreportofbo1942smit,Annual report of the Board of Regents of the Smithsonian Institution,1942,534,https://library.si.edu/digital-library/book/annualreportofbo1942smit,http://www.biodiversitylibrary.org/ia/annualreportofbo1942smit,https://archive.org/details/annualreportofbo1942smit,https://www.biodiversitylibrary.org/itempdf/35567
177,annualreportofbo1876smit,Annual report of the Board of Regents of the Smithsonian Institution,1876,538,https://library.si.edu/digital-library/book/annualreportofbo1876smit,http://www.biodiversitylibrary.org/ia/annualreportofbo1876smit,https://archive.org/details/annualreportofbo1876smit,https://www.biodiversitylibrary.org/itempdf/33371
178,annualreportfory1954united,Annual report for the year ended June 30 ...,1954,120,https://library.si.edu/digital-library/book/annualreportfory1954united,http://www.biodiversitylibrary.org/ia/annualreportfory1954united,https://archive.org/details/annualreportfory1954united,https://www.biodiversitylibrary.org/itempdf/99358
179,annualreportofbo1924smit,Annual report of the Board of Regents of the Smithsonian Institution,1924,678,https://library.si.edu/digital-library/book/annualreportofbo1924smit,http://www.biodiversitylibrary.org/ia/annualreportofbo1924smit,https://archive.org/details/annualreportofbo1924smit,https://www.biodiversitylibrary.org/itempdf/35616
180,annualreportfory1952united,Annual report for the year ended June 30 ...,1952,116,https://library.si.edu/digital-library/book/annualreportfory1952united,http://www.biodiversitylibrary.org/ia/annualreportfory1952united,https://archive.org/details/annualreportfory1952united,https://www.biodiversitylibrary.org/itempdf/99017
181,annualreportofbo1891smitso,Annual report of the Board of Regents of the Smithsonian Institution,1891 [Includes Report USNM],1136,https://library.si.edu/digital-library/book/annualreportofbo1891smitso,http://www.biodiversitylibrary.org/ia/annualreportofbo1891smitso,https://archive.org/details/annualreportofbo1891smitso,https://www.biodiversitylibrary.org/itempdf/51435
182,annualreportofbo1880smith,Annual report of the Board of Regents of the Smithsonian Institution,1880,798,https://library.si.edu/digital-library/book/annualreportofbo1880smith,http://www.biodiversitylibrary.org/ia/annualreportofbo1880smith,https://archive.org/details/annualreportofbo1880smith,https://www.biodiversitylibrary.org/itempdf/33423
183,annualreportofbo1896smit,Annual report of the Board of Regents of the Smithsonian Institution,1896 [Includes Report USNM],1628,https://library.si.edu/digital-library/book/annualreportofbo1896smit,http://www.biodiversitylibrary.org/ia/annualreportofbo1896smit,https://archive.org/details/annualreportofbo1896smit,https://www.biodiversitylibrary.org/itempdf/33496
184,smithsonianyear7273smit,Smithsonian year,1972-73,644,https://library.si.edu/digital-library/book/smithsonianyear7273smit,http://www.biodiversitylibrary.org/ia/smithsonianyear7273smit,https://archive.org/details/smithsonianyear7273smit,https://www.biodiversitylibrary.org/itempdf/83472
185,annualreportofbo1872smit,Annual report of the Board of Regents of the Smithsonian Institution,1872,466,https://library.si.edu/digital-library/book/annualreportofbo1872smit,http://www.biodiversitylibrary.org/ia/annualreportofbo1872smit,https://archive.org/details/annualreportofbo1872smit,https://www.biodiversitylibrary.org/itempdf/33472
186,annualreportofbo1890smith,Annual report of the Board of Regents of the Smithsonian Institution,1890,904,https://library.si.edu/digital-library/book/annualreportofbo1890smith,http://www.biodiversitylibrary.org/ia/annualreportofbo1890smith,https://archive.org/details/annualreportofbo1890smith,https://www.biodiversitylibrary.org/itempdf/33468
187,annualreportofbo1946smit,Annual report of the Board of Regents of the Smithsonian Institution,1946,522,https://library.si.edu/digital-library/book/annualreportofbo1946smit,http://www.biodiversitylibrary.org/ia/annualreportofbo1946smit,https://archive.org/details/annualreportofbo1946smit,https://www.biodiversitylibrary.org/itempdf/53296
188,annualreportfory1953united,Annual report for the year ended June 30 ...,1953,116,https://library.si.edu/digital-library/book/annualreportfory1953united,http://www.biodiversitylibrary.org/ia/annualreportfory1953united,https://archive.org/details/annualreportfory1953united,https://www.biodiversitylibrary.org/itempdf/99129
189,annualreportofbo1920smit,Annual report of the Board of Regents of the Smithsonian Institution,1920,974,https://library.si.edu/digital-library/book/annualreportofbo1920smit,http://www.biodiversitylibrary.org/ia/annualreportofbo1920smit,https://archive.org/details/annualreportofbo1920smit,https://www.biodiversitylibrary.org/itempdf/33444
190,annualreportofb1898smit,Annual report of the Board of Regents of the Smithsonian Institution,1898,824,https://library.si.edu/digital-library/book/annualreportofb1898smit,http://www.biodiversitylibrary.org/ia/annualreportofb1898smit,https://archive.org/details/annualreportofb1898smit,https://www.biodiversitylibrary.org/itempdf/12151
191,annualreportofbo18861smit,Annual report of the Board of Regents of the Smithsonian Institution,1886:pt.1,986,https://library.si.edu/digital-library/book/annualreportofbo18861smit,http://www.biodiversitylibrary.org/ia/annualreportofbo18861smit,https://archive.org/details/annualreportofbo18861smit,https://www.biodiversitylibrary.org/itempdf/33484
192,annualreportofbo1893smit,Annual report of the Board of Regents of the Smithsonian Institution,1893,1124,https://library.si.edu/digital-library/book/annualreportofbo1893smit,http://www.biodiversitylibrary.org/ia/annualreportofbo1893smit,https://archive.org/details/annualreportofbo1893smit,https://www.biodiversitylibrary.org/itempdf/33452
193,annualreportofbo1943smit,Annual report of the Board of Regents of the Smithsonian Institution,1943,792,https://library.si.edu/digital-library/book/annualreportofbo1943smit,http://www.biodiversitylibrary.org/ia/annualreportofbo1943smit,https://archive.org/details/annualreportofbo1943smit,https://www.biodiversitylibrary.org/itempdf/53262
194,annualreportofbo1877smit,Annual report of the Board of Regents of the Smithsonian Institution,1877,516,https://library.si.edu/digital-library/book/annualreportofbo1877smit,http://www.biodiversitylibrary.org/ia/annualreportofbo1877smit,https://archive.org/details/annualreportofbo1877smit,https://www.biodiversitylibrary.org/itempdf/33478
195,annualreportofbo1876smith,Annual report of the Board of Regents of the Smithsonian Institution,1876,544,https://library.si.edu/digital-library/book/annualreportofbo1876smith,http://www.biodiversitylibrary.org/ia/annualreportofbo1876smith,https://archive.org/details/annualreportofbo1876smith,https://www.biodiversitylibrary.org/itempdf/33403
196,annualreportfory1951united,Annual report for the year ended June 30 ...,1951,134,https://library.si.edu/digital-library/book/annualreportfory1951united,http://www.biodiversitylibrary.org/ia/annualreportfory1951united,https://archive.org/details/annualreportfory1951united,https://www.biodiversitylibrary.org/itempdf/99130
197,annualreportofbo1925smit,Annual report of the Board of Regents of the Smithsonian Institution,1925,756,https://library.si.edu/digital-library/book/annualreportofbo1925smit,http://www.biodiversitylibrary.org/ia/annualreportofbo1925smit,https://archive.org/details/annualreportofbo1925smit,https://www.biodiversitylibrary.org/itempdf/33523
